create database if not exists DE_DEMO;

create schema if not exists fifty_ques;

create table fifty_ques.Student(
  SId varchar(2),
  Sname varchar(20),
  Sage datetime,
  Ssex varchar(1));
  
create table fifty_ques.course(
  CId varchar(2),
  Cname varchar(20),
  TId varchar(2));
  
create table fifty_ques.teacher(
  TId varchar(2),
  Tname varchar(20));
  

create table fifty_ques.SC(
  SId varchar(2),
  CId varchar(2),
  score varchar(3));
  
insert into Student values('01' , '赵雷' , '1990-01-01' , '男');
insert into Student values('02' , '钱电' , '1990-12-21' , '男');
insert into Student values('03' , '孙风' , '1990-12-20' , '男');
insert into Student values('04' , '李云' , '1990-12-06' , '男');
insert into Student values('05' , '周梅' , '1991-12-01' , '女');
insert into Student values('06' , '吴兰' , '1992-01-01' , '女');
insert into Student values('07' , '郑竹' , '1989-01-01' , '女');
insert into Student values('09' , '张三' , '2017-12-20' , '女');
insert into Student values('10' , '李四' , '2017-12-25' , '女');
insert into Student values('11' , '李四' , '2012-06-06' , '女');
insert into Student values('12' , '赵六' , '2013-06-13' , '女');
insert into Student values('13' , '孙七' , '2014-06-01' , '女');

insert into Course values('01' , '语文' , '02');
insert into Course values('02' , '数学' , '01');
insert into Course values('03' , '英语' , '03');

insert into Teacher values('01' , '张三');
insert into Teacher values('02' , '李四');
insert into Teacher values('03' , '王五');

insert into SC values('01' , '01' , 80);
insert into SC values('01' , '02' , 90);
insert into SC values('01' , '03' , 99);
insert into SC values('02' , '01' , 70);
insert into SC values('02' , '02' , 60);
insert into SC values('02' , '03' , 80);
insert into SC values('03' , '01' , 80);
insert into SC values('03' , '02' , 80);
insert into SC values('03' , '03' , 80);
insert into SC values('04' , '01' , 50);
insert into SC values('04' , '02' , 30);
insert into SC values('04' , '03' , 20);
insert into SC values('05' , '01' , 76);
insert into SC values('05' , '02' , 87);
insert into SC values('06' , '01' , 31);
insert into SC values('06' , '03' , 34);
insert into SC values('07' , '02' , 89);
insert into SC values('07' , '03' , 98);